AUROC,AUPRC,Accuracy,F1 Score,Sensitivity,Specificity,PPV,NPV
0.857772820269786,0.9768687001029998,0.7879319417646027,0.8697057872615583,0.7928866181961093,0.7467320261437909,0.9630071599045346,0.30244870946393115
0.8626081417460565,0.42654048362098035,0.834415014909665,0.38939197930142305,0.6733780760626398,0.848115721355158,0.27388535031847133,0.9682746631899174
0.7908773427920827,0.12768654208514132,0.9114190492895983,0.12478336221837089,0.21818181818181817,0.9320809248554913,0.08737864077669903,0.975609756097561
0.8568985136466324,0.9773562409595337,0.7840729696544466,0.8671343766864544,0.7893495775201415,0.7401960784313726,0.9619252873563219,0.29704918032786887
0.8621440232178487,0.4173222862864285,0.832310121031398,0.3767926988265971,0.6465324384787472,0.848115721355158,0.265869365225391,0.9657563935847421
0.7983206340865301,0.10155735853891162,0.9047535520084196,0.09950248756218906,0.18181818181818182,0.9263005780346821,0.0684931506849315,0.9743492304769144
0.8586846935014262,0.9768061694005115,0.7907384669356253,0.8714855111494129,0.7948516407938692,0.7565359477124183,0.9644730567477349,0.30723291307232914
0.8637399096799795,0.43600626525597885,0.8368707244343098,0.3913612565445026,0.668903803131991,0.8511610201751046,0.2765957446808511,0.9679653679653679
0.8048125766333859,0.12466269468820274,0.9096649710577092,0.12859560067681894,0.23030303030303031,0.9299132947976878,0.0892018779342723,0.9759241706161137
0.8548657427207472,0.975834953663421,0.7875811261182248,0.8694339622641509,0.7922971114167813,0.7483660130718954,0.9632107023411371,0.3023102310231023
0.8603373673323575,0.4322900549130374,0.8368707244343098,0.3913612565445026,0.668903803131991,0.8511610201751046,0.2765957446808511,0.9679653679653679
0.8042411105272377,0.10892387654068997,0.9089633397649535,0.1335559265442404,0.24242424242424243,0.9288294797687862,0.09216589861751152,0.9762673248528574
0.8563860665770207,0.9769467875320854,0.7902122434660586,0.8711484593837535,0.7944586362743171,0.7549019607843137,0.9642260911042213,0.3063660477453581
0.8601389460166282,0.42215226775401343,0.8354674618487985,0.380449141347424,0.6442953020134228,0.8517320137038447,0.26991565135895035,0.9656883901596892
0.8020384480644597,0.10588214591988286,0.9070338537098754,0.1254125412541254,0.23030303030303031,0.9272037572254336,0.08616780045351474,0.9758555133079848
0.8551858615981927,0.9764717968411474,0.7840729696544466,0.8670482773517658,0.7887600707408136,0.7450980392156863,0.962589928057554,0.29784454604833444
0.8620524769026517,0.4291893231772924,0.8319593053850202,0.38033635187580855,0.6577181208053692,0.8467834031214313,0.267515923566879,0.9667535853976532
0.7915517165878437,0.10160438245495707,0.9075600771794422,0.11725293132328309,0.21212121212121213,0.9282875722543352,0.08101851851851852,0.975327386600873
0.8549794057925784,0.9761307873133185,0.7884581652341695,0.8700990952175787,0.7936726272352133,0.7450980392156863,0.9628128724672229,0.30278884462151395
0.8608845162394648,0.442000376575767,0.8333625679705314,0.38311688311688313,0.6599552572706935,0.848115721355158,0.2698993595608417,0.9670138888888888
0.8004816955684007,0.11153371135458633,0.911945272759165,0.1314878892733564,0.23030303030303031,0.9322615606936416,0.09200968523002422,0.975983358547655
0.855915039101381,0.9766062596392654,0.7840729696544466,0.8671056893015222,0.7891530752603655,0.7418300653594772,0.9621466219453761,0.29731499672560574
0.8601419265943324,0.4234564269081391,0.832310121031398,0.3776041666666667,0.6487695749440716,0.8479253901789113,0.2662993572084481,0.9659583694709454
0.7922622175512348,0.11074747843240329,0.9082617084721979,0.13266998341625208,0.24242424242424243,0.928106936416185,0.091324200913242,0.9762492874786244
0.8561051197186808,0.9767153034041981,0.7861778635327136,0.8685714285714285,0.7915111023776773,0.7418300653594772,0.9622551361681796,0.2996699669966997
0.8604229524921461,0.42621395471990464,0.8354674618487985,0.37715803452855245,0.6353467561521253,0.8524933384088313,0.26817752596789424,0.9648858250753986
0.7948578998073219,0.11176646904349402,0.9047535520084196,0.12560386473429952,0.23636363636363636,0.9246748554913294,0.08552631578947369,0.9759771210676835
0.8603848233470371,0.9776918829989394,0.7903876512892475,0.8712700635570397,0.7946551385340932,0.7549019607843137,0.9642346208869814,0.30656934306569344
0.8633899046981569,0.42977706055831216,0.8335379757937204,0.38256343526350034,0.6577181208053692,0.8484963837076513,0.26972477064220185,0.966818477553676
0.8023187073042564,0.11189220291574384,0.9094895632345202,0.1134020618556701,0.2,0.930635838150289,0.07913669064748201,0.9750189250567751
0.8563125387706664,0.9770654749637215,0.7886335730573584,0.8702207862143242,0.7938691294949892,0.7450980392156863,0.9628217349857007,0.3029900332225914
0.8632587592791771,0.42542647289022273,0.8370461322574987,0.38517538054268696,0.6510067114093959,0.8528740007613247,0.27349624060150374,0.9663575587664438
0.7903266771763882,0.11219332149752559,0.9063322224171197,0.1188118811881188,0.21818181818181817,0.926842485549133,0.08163265306122448,0.9754752851711027
0.8579340034959422,0.9777386487633998,0.7868794948254693,0.8690309367252345,0.7921006091570053,0.7434640522875817,0.9625119388729704,0.3007270323859881
0.864593632293793,0.42951742900873097,0.8317838975618312,0.37928802588996763,0.6554809843400448,0.8467834031214313,0.2668488160291439,0.9665435585487725
0.7916447714135574,0.11139664561000033,0.9094895632345202,0.1103448275862069,0.19393939393939394,0.9308164739884393,0.07710843373493977,0.9748391978811957
0.8531148818995733,0.9760032851553379,0.7884581652341695,0.8698748381527838,0.7921006091570053,0.7581699346405228,0.9645848289064369,0.30486202365308807
0.860714623310332,0.4223218945681065,0.8351166462024207,0.38722294654498046,0.6644295302013423,0.8496383707651314,0.2732290708371665,0.9674902470741222
0.7914882203538272,0.1043699588032959,0.9070338537098754,0.11666666666666667,0.21212121212121213,0.9277456647398844,0.08045977011494253,0.9753133308013673
0.8538963957889437,0.9766077940296616,0.7898614278196807,0.8709885849666165,0.7946551385340932,0.75,0.9635453895639743,0.30518617021276595
0.8613452283931536,0.41804043471607266,0.8375723557270655,0.3891820580474934,0.6599552572706935,0.852683669585078,0.27595884003741816,0.9671848013816926
0.7879138202837623,0.09957205833091383,0.9070338537098754,0.11666666666666667,0.21212121212121213,0.9277456647398844,0.08045977011494253,0.9753133308013673
0.8573708254507673,0.9775805181547748,0.7900368356428696,0.8711101539786799,0.7948516407938692,0.75,0.9635540733682706,0.30538922155688625
0.8603143743043544,0.42599406064873246,0.838273987019821,0.3885941644562334,0.6554809843400448,0.853825656642558,0.2761545711592837,0.9668103448275862
0.7844357593273779,0.09879097830000258,0.9089633397649535,0.14497528830313014,0.26666666666666666,0.928106936416185,0.09954751131221719,0.9769918235405971
0.8593807995458614,0.9768758811464971,0.7889843887037362,0.8707424519179112,0.796227156612301,0.7287581699346405,0.9606448553816975,0.3007417397167903
0.8636969042016779,0.44724068474640977,0.8333625679705314,0.38311688311688313,0.6599552572706935,0.848115721355158,0.2698993595608417,0.9670138888888888
0.7997722893676651,0.11350472107331921,0.9131731275214875,0.10810810810810811,0.18181818181818182,0.934971098265896,0.07692307692307693,0.9745810581811335
0.8557830743484923,0.9769287365421649,0.785300824416769,0.8679041657673214,0.7901355865592454,0.7450980392156863,0.9626526214986832,0.2992125984251969
0.8584740804704882,0.42319624131322636,0.832310121031398,0.3767926988265971,0.6465324384787472,0.848115721355158,0.265869365225391,0.9657563935847421
0.7926092573130146,0.10110336329601921,0.9070338537098754,0.11960132890365449,0.21818181818181817,0.9275650289017341,0.08237986270022883,0.9754939209726444
0.8554401586402557,0.9765705391694354,0.7921417295211366,0.8725121032813341,0.796816663391629,0.7532679738562091,0.9640989063242986,0.3083612040133779
0.8609939460208861,0.4171540155490221,0.8386248026661989,0.38420348058902276,0.6420581655480985,0.8553483060525314,0.27411652340019105,0.9656209712075634
0.8011078998073217,0.10647342108776506,0.9075600771794422,0.1402936378466558,0.2606060606060606,0.926842485549133,0.09598214285714286,0.9767751760898534
0.8555538217120869,0.9761273380441636,0.7917909138747589,0.8722969338353954,0.796620161131853,0.7516339869281046,0.9638611507370424,0.3076923076923077
0.8579852657270184,0.4286447288168029,0.8354674618487985,0.38370565045992117,0.6532438478747203,0.850970688998858,0.27162790697674416,0.9664937310851708
0.7865541250656859,0.10345673692019022,0.910015786704087,0.12307692307692308,0.21818181818181817,0.930635838150289,0.08571428571428572,0.9755728081802689
0.8529289753498832,0.9755460034203427,0.7912646904051921,0.8721255104233827,0.7974061701709569,0.7401960784313726,0.9622954707137775,0.305256064690027
0.8563706442050331,0.4253157738442995,0.8395018417821435,0.3879598662207358,0.6487695749440716,0.8557289684050248,0.2767175572519084,0.9662583279604556
0.7967748292170258,0.10623673538972113,0.9075600771794422,0.12312811980033278,0.22424242424242424,0.9279263005780347,0.08486238532110092,0.9756885090218423
0.8528856292631679,0.975821612786383,0.7891597965269251,0.8703623813632442,0.7928866181961093,0.7581699346405228,0.9646186947167105,0.30566534914361
0.8584447004902626,0.42720513940797505,0.8354674618487985,0.39011703511053314,0.6711409395973155,0.8494480395888847,0.27497708524289644,0.968112798264642
0.7913382378700298,0.1061497363351456,0.9084371162953868,0.11824324324324324,0.21212121212121213,0.9291907514450867,0.08196721311475409,0.975350777398559
0.8547787294651927,0.9766606540766727,0.7877565339414138,0.8696401637578108,0.7930831204558852,0.7434640522875817,0.9625566420224183,0.3017241379310345
0.8603228902406519,0.4324724040791658,0.8349412383792317,0.3861709067188519,0.6621923937360179,0.8496383707651314,0.27255985267034993,0.9672806067172265
0.8037364249430724,0.10582913195936586,0.9096649710577092,0.12265758091993186,0.21818181818181817,0.9302745664739884,0.08530805687203792,0.9755635537033529
0.8537165897996062,0.9766497393581288,0.7828451148921242,0.8664509169363538,0.7891530752603655,0.7303921568627451,0.960535756995934,0.29407894736842105
0.8580580769823609,0.4269865932493112,0.8330117523241537,0.3802083333333333,0.6532438478747203,0.8483060525314047,0.2681359044995409,0.9663920208152645
0.7946696006305833,0.098245737018145,0.9063322224171197,0.1040268456375839,0.18787878787878787,0.9277456647398844,0.07192575406032482,0.974573055028463
0.8572289071520401,0.9772387535296175,0.7888089808805473,0.8702865761689291,0.7936726272352133,0.7483660130718954,0.9632721202003339,0.3037135278514589
0.8603130969139098,0.42517695286540785,0.8389756183125767,0.3952569169960474,0.6711409395973155,0.853254663113818,0.2801120448179272,0.9682505399568034
0.8038064897530216,0.10937004283157846,0.9091387475881424,0.13953488372093023,0.2545454545454545,0.9286488439306358,0.09610983981693363,0.9766337386018237
0.8525895915450088,0.9769101249723616,0.7830205227153131,0.866688220713439,0.7901355865592454,0.7238562091503268,0.9596658711217184,0.2931833223031105
0.8575611720994082,0.4278038685611994,0.8321347132082091,0.3708086785009862,0.6308724832214765,0.849257708412638,0.26256983240223464,0.9643397449751459
0.7943083289542827,0.10309794051884967,0.9052797754779863,0.10299003322259136,0.18787878787878787,0.9266618497109826,0.07093821510297482,0.9745440729483282
0.851652031743463,0.9762594681480615,0.7860024557095247,0.8684494285098123,0.7913146001179013,0.7418300653594772,0.9622461170848268,0.2994722955145119
0.8573512542696775,0.4227344080025456,0.8319593053850202,0.3722149410222805,0.6353467561521253,0.848686714883898,0.2632066728452271,0.9647338814366075
0.8041469609388686,0.10684670726450003,0.9094895632345202,0.14285714285714285,0.2606060606060606,0.9288294797687862,0.09839816933638444,0.976823708206687
0.8543590751293639,0.976388894909239,0.7881073495877916,0.8699116950247685,0.7936726272352133,0.7418300653594772,0.962354062425542,0.30186170212765956
0.8603556765953968,0.42278202968464335,0.834415014909665,0.3797634691195795,0.6465324384787472,0.850399695470118,0.2688372093023256,0.9658452226545612
0.8005846032580137,0.12020254246802398,0.9087879319417645,0.12457912457912458,0.22424242424242424,0.9291907514450867,0.08624708624708624,0.9757207890743551
0.855527492977934,0.9766127202332038,0.7875811261182248,0.8698269375470279,0.7950481430536451,0.7254901960784313,0.9601328903654485,0.29858776059179554
0.8615215082745097,0.4222760646790691,0.8351166462024207,0.374167776298269,0.6286353467561522,0.852683669585078,0.2663507109004739,0.964270340077486
0.7908773427920827,0.09805751541026982,0.9065076302403087,0.10720268006700168,0.19393939393939394,0.9277456647398844,0.07407407407407407,0.9747580185993547
0.8557647726674348,0.9771084529067103,0.7847746009472022,0.8675661090124123,0.7897425820396935,0.7434640522875817,0.962404214559387,0.2983606557377049
0.859287778183704,0.4327833451697447,0.8328363445009648,0.38237200259235254,0.6599552572706935,0.847544727826418,0.26916058394160586,0.9669923995656895
0.8048924943072341,0.11226339916325778,0.9077354850026311,0.11447811447811448,0.20606060606060606,0.9286488439306358,0.07925407925407925,0.9751517450682853
0.8553518610562061,0.9768674373530677,0.7858270478863357,0.868497576736672,0.7922971114167813,0.7320261437908496,0.9609151572926596,0.29767441860465116
0.8610318419374096,0.42701036273369525,0.834239607086476,0.37623762376237624,0.6375838926174496,0.850970688998858,0.26685393258426965,0.965033455644291
0.8016946925906464,0.11495879524333226,0.9087879319417645,0.1362126245847176,0.24848484848484848,0.9284682080924855,0.09382151029748284,0.9764437689969605
0.8512397622964821,0.9756635612970495,0.7856516400631468,0.8683473389355743,0.7919041068972293,0.7336601307189542,0.9611256856665872,0.29774535809018565
0.855352989817495,0.41799195570079933,0.8331871601473426,0.3747534516765286,0.6375838926174496,0.849828701941378,0.26536312849162014,0.964988113248325
0.7929387808723068,0.1044018362085296,0.9072092615330644,0.11686143572621036,0.21212121212121213,0.9279263005780347,0.08064516129032258,0.9753180178469717
0.8516712966708921,0.9752009304782896,0.7889843887037362,0.8705198579270261,0.7946551385340932,0.7418300653594772,0.9623988576868158,0.3028685790527018
0.8585958583595412,0.42705574868405144,0.8337133836169093,0.3828125,0.6577181208053692,0.848686714883898,0.2699724517906336,0.9668256721595837
0.7951107899807323,0.10875407653942655,0.9110682336432205,0.11826086956521739,0.20606060606060606,0.9320809248554913,0.08292682926829269,0.9752409752409752
0.8509218909939033,0.9754813269752494,0.7856516400631468,0.8684323858742463,0.7924936136765572,0.7287581699346405,0.9604667778042391,0.2969374167776298
0.8541062567435571,0.40738690506212694,0.8298544115067532,0.36766623207301175,0.6308724832214765,0.8467834031214313,0.2594296228150874,0.9642392717815345
0.7922884918549659,0.10077491255110615,0.9112436414664093,0.12758620689655173,0.22424242424242424,0.9317196531791907,0.0891566265060241,0.975785092697692
0.851676755066997,0.9762723948692487,0.7809156288370461,0.865016751323895,0.7864020436235016,0.7352941176470589,0.9610951008645533,0.29277813923227064
0.8584621581596722,0.4250985020362543,0.8288019645676197,0.3711340206185567,0.6442953020134228,0.8444994290064712,0.26063348416289595,0.9654046997389034
0.7880440970397617,0.10289457135718316,0.90791089282582,0.12060301507537688,0.21818181818181817,0.9284682080924855,0.08333333333333333,0.9755171759347124
0.8501484041576282,0.9763016378180888,0.791440098228381,0.8724385795515502,0.7989781882491649,0.7287581699346405,0.9607750472589792,0.3036078965282505
0.8575564883344448,0.422261849787027,0.8380985791966322,0.38589487691284097,0.6487695749440716,0.8542063189950514,0.2746212121212121,0.9662002152852529
0.785621387283237,0.10226640976079496,0.9115944571127872,0.12802768166089964,0.22424242424242424,0.9320809248554913,0.08958837772397095,0.9757942511346445
0.8532140962758327,0.9766930684124127,0.7844237853008245,0.867235605487739,0.7887600707408136,0.7483660130718954,0.9630518234165067,0.2987606001304631
0.8545154474826466,0.41239447754950326,0.8338887914400982,0.3798297314996726,0.6487695749440716,0.8496383707651314,0.26851851851851855,0.9660246699848518
0.8046680679628656,0.11671700431432147,0.9042273285388528,0.11650485436893204,0.21818181818181817,0.9246748554913294,0.07947019867549669,0.9754192073170732
0.8544823706649096,0.9766094055275764,0.7854762322399579,0.8681117222042489,0.7909215955983494,0.7401960784313726,0.9619980879541109,0.2986156888595913
0.8603118195234652,0.4260727392809641,0.8365199087879319,0.3868421052631579,0.6577181208053692,0.8517320137038447,0.2739981360671016,0.9669403630077787
0.790693422665966,0.10737296638752772,0.9068584458866865,0.12807881773399016,0.23636363636363636,0.926842485549133,0.08783783783783784,0.9760319573901465
0.8527026124525923,0.9765213697241089,0.7816172601298018,0.8654781199351702,0.7869915504028296,0.7369281045751634,0.9613538166106577,0.2938110749185668
0.8548271307511311,0.4166781563856646,0.8289773723908086,0.3672939649578196,0.6331096196868009,0.8456414160639513,0.2586837294332724,0.964401996961146
0.7899971536170958,0.1058077319108425,0.9077354850026311,0.132013201320132,0.24242424242424243,0.9275650289017341,0.09070294784580499,0.9762357414448669
0.8500944623608269,0.9762139531531491,0.7902122434660586,0.8714254998924963,0.796423658872077,0.738562091503268,0.9620223118917636,0.30376344086021506
0.8551434977845792,0.4082170743069758,0.8379231713734433,0.38726790450928383,0.6532438478747203,0.8536353254663114,0.27521206409048066,0.9665948275862069
0.792298344718865,0.11606238185906992,0.9122960884055429,0.1554054054054054,0.2787878787878788,0.9311777456647399,0.10772833723653395,0.9774364808494501
0.8537554407365882,0.9764467391799128,0.7896860199964918,0.8710614044520916,0.7958341520927491,0.738562091503268,0.9619952494061758,0.30315224681421865
0.8570847054635694,0.4228013167445259,0.8393264339589546,0.39014647137150466,0.6554809843400448,0.8549676437000381,0.2777251184834123,0.9668532070598365
0.7972499562094939,0.10565035678232439,0.910015786704087,0.1464226289517471,0.26666666666666666,0.9291907514450867,0.10091743119266056,0.9770180436847103
0.8507273152268702,0.9758921637083462,0.7833713383616909,0.8668176426183544,0.7897425820396935,0.7303921568627451,0.9605640535372849,0.2946605141727093
0.8558669265730424,0.41019947995455974,0.8296790036835643,0.36907082521117607,0.6353467561521253,0.8462124095926913,0.2600732600732601,0.9646344109351269
0.7934872569626905,0.09756634029748419,0.9098403788808981,0.1288135593220339,0.23030303030303031,0.9300939306358381,0.08941176470588236,0.9759287338893101
0.849571419581129,0.9749996733241368,0.7854762322399579,0.8681117222042489,0.7909215955983494,0.7401960784313726,0.9619980879541109,0.2986156888595913
0.8558473399195585,0.4262171868200907,0.8347658305560428,0.38671875,0.6644295302013423,0.849257708412638,0.2727272727272727,0.9674761491760624
0.7929781923279032,0.10846922223612648,0.9086125241185757,0.12141652613827993,0.21818181818181817,0.9291907514450867,0.08411214953271028,0.9755357481509577
0.8496626069042931,0.9757394874585825,0.7849500087703911,0.8676025917926566,0.7893495775201415,0.7483660130718954,0.9630783984655957,0.29934640522875816
0.8572115929144003,0.42436994346757223,0.8337133836169093,0.3820078226857888,0.6554809843400448,0.8488770460601447,0.26954921803127874,0.9666233203294322
0.7818159922928708,0.10786557585849889,0.9098403788808981,0.15460526315789475,0.28484848484848485,0.9284682080924855,0.10609480812641084,0.9775580068467098
0.8502126205823917,0.9753570129552052,0.7849500087703911,0.8677739430543572,0.7905285910787974,0.738562091503268,0.9617499402342816,0.2977602108036891
0.8557055495802071,0.4097647014520975,0.830205227153131,0.3697916666666667,0.6353467561521253,0.8467834031214313,0.26078971533516987,0.9646574154379879
0.787121212121212,0.09871772115809621,0.9098403788808981,0.13468013468013468,0.24242424242424243,0.9297326589595376,0.09324009324009325,0.9762898330804249
0.8506107624159247,0.9756408563583727,0.7847746009472022,0.8674802894481045,0.7891530752603655,0.7483660130718954,0.9630695443645084,0.2991508817766166
0.855267830454521,0.41444141032575804,0.8309068584458866,0.37966537966537967,0.6599552572706935,0.8454510848877046,0.26648599819331525,0.9669133652590335
0.7895767647574007,0.09991016533253218,0.9086125241185757,0.11544991511035653,0.20606060606060606,0.9295520231213873,0.08018867924528301,0.9751752889899564
0.8480469216572462,0.9744866665647762,0.7817926679529907,0.8655425853869434,0.7867950481430537,0.7401960784313726,0.9618063896228681,0.29453836150845253
0.8526325739672936,0.4088201020987783,0.8291527802139975,0.37564102564102564,0.6554809843400448,0.8439284354777312,0.2632524707996406,0.9664341761115954
0.7804935190050798,0.10938301530798163,0.9101911945272759,0.13220338983050847,0.23636363636363636,0.9302745664739884,0.09176470588235294,0.9761182714177407
0.8473199917289246,0.9754327603043524,0.7837221540080688,0.8670046381188653,0.7897425820396935,0.7336601307189542,0.9610234337637494,0.2955892034233048
0.8491636073165517,0.4082193492006581,0.8330117523241537,0.3785900783289817,0.6487695749440716,0.848686714883898,0.2672811059907834,0.9659878682842288
0.7917049833596076,0.10313573080311313,0.9065076302403087,0.11018363939899833,0.2,0.9275650289017341,0.07603686635944701,0.9749382950446174
0.8481368246519149,0.9756221867505573,0.7802139975442904,0.8646137223122636,0.7862055413637257,0.7303921568627451,0.9603936629860778,0.29120521172638436
0.8541454300505251,0.4240170786322639,0.8358182774951762,0.38095238095238093,0.6442953020134228,0.852112676056338,0.2704225352112676,0.9657031924072477
0.7866417060781222,0.10369632743233156,0.9037011050692861,0.13543307086614173,0.2606060606060606,0.9228684971098265,0.09148936170212765,0.9766774995220799
0.8480527011354748,0.9753372928868582,0.7807402210138572,0.8648940769563338,0.7862055413637257,0.7352941176470589,0.961085755464809,0.2925877763328999
0.8524605520540864,0.4079795058384969,0.8305560427995089,0.37272727272727274,0.6420581655480985,0.8465930719451846,0.262580054894785,0.9652777777777778
0.7818258451567699,0.10719797626073949,0.9049289598316085,0.11147540983606558,0.20606060606060606,0.9257586705202312,0.07640449438202247,0.975076103500761
0.8485651482050868,0.974853328552391,0.7828451148921242,0.8664509169363538,0.7891530752603655,0.7303921568627451,0.960535756995934,0.29407894736842105
0.8547879574441632,0.4170264151447936,0.8316084897386423,0.377431906614786,0.6510067114093959,0.846973734297678,0.26575342465753427,0.9661311333043856
0.7844138640742687,0.1075092100105229,0.9084371162953868,0.1152542372881356,0.20606060606060606,0.929371387283237,0.08,0.9751705837755875
0.849006636125335,0.9757917753073684,0.7789861427819681,0.8636068413076423,0.7838475142464139,0.738562091503268,0.9614364907206556,0.2912371134020619
0.8545605819450227,0.4211177977019494,0.8307314506226978,0.37215354586857513,0.639821029082774,0.846973734297678,0.26238532110091745,0.9650834959878551
0.7904908915747065,0.10673680011775416,0.9037011050692861,0.12440191387559808,0.23636363636363636,0.9235910404624278,0.08441558441558442,0.9759496087039511
0.8508791870714356,0.9757132055961268,0.7809156288370461,0.8646363931938875,0.7838475142464139,0.7565359477124183,0.9639922667955534,0.2962252079334613
0.8558009280667377,0.41401318897849465,0.83038063497632,0.37411003236245954,0.6465324384787472,0.8460220784164446,0.26320582877959925,0.9656745600695199
0.7783072779821335,0.11794337282992694,0.9049289598316085,0.13968253968253969,0.26666666666666666,0.9239523121387283,0.09462365591397849,0.976890756302521
0.8470310178174892,0.9755533954982939,0.7809156288370461,0.8650750783191099,0.7867950481430537,0.7320261437908496,0.9606525911708254,0.2922374429223744
0.8541790679988999,0.4157085343546907,0.8305560427995089,0.36530880420499345,0.6219239373601789,0.8483060525314047,0.2586046511627907,0.9634673584089927
0.7888487475915221,0.10703757089680528,0.9058059989475531,0.13804173354735153,0.2606060606060606,0.9250361271676301,0.09388646288209607,0.9767308792675949
0.8490002144828588,0.9759011360457315,0.779161550605157,0.8637888131559017,0.7844370210257418,0.7352941176470589,0.9610014443909485,0.2908855850032321
0.8534352009633226,0.4095345632412008,0.8293281880371864,0.3685918234912395,0.6353467561521253,0.8458317472401979,0.2595978062157221,0.9646190579552855
0.7803993694167105,0.11137337399922344,0.9070338537098754,0.1423948220064725,0.26666666666666666,0.9261199421965318,0.09713024282560706,0.9769435975609756
0.8482514509701176,0.9758056399025675,0.779161550605157,0.8638771759109093,0.7850265278050698,0.7303921568627451,0.9603365384615384,0.2900713822193381
0.8519551312348363,0.41797564680943416,0.8277495176284863,0.36233766233766235,0.6241610738255033,0.8450704225352113,0.2552607502287283,0.9635416666666666
0.7921680679628657,0.10096457412668557,0.9068584458866865,0.13376835236541598,0.24848484848484848,0.9264812138728323,0.09151785714285714,0.9763944412716543
0.8471620193240066,0.9755863271372006,0.7786353271355902,0.8635970600951146,0.7850265278050698,0.7254901960784313,0.9596444871486909,0.2886866059817945
0.8529038065383656,0.41067533729284694,0.8281003332748641,0.364461738002594,0.6286353467561522,0.8450704225352113,0.25662100456621006,0.9639600521059488
0.7911149062883166,0.1043987299819698,0.9066830380634976,0.125,0.23030303030303031,0.926842485549133,0.08577878103837472,0.9758463294028148
0.8479717884402729,0.9749295747786447,0.781266444483424,0.8654364950901047,0.7879740617017096,0.7254901960784313,0.9597893729056965,0.29152987524622453
0.8542037642141621,0.4155969947893035,0.832310121031398,0.36939313984168864,0.6263982102908278,0.849828701941378,0.26192703461178674,0.9639464594127807
0.7731542301629006,0.10514606091882506,0.9047535520084196,0.12277867528271405,0.23030303030303031,0.9248554913294798,0.08370044052863436,0.9757956927768249
0.8474355812934986,0.9753652691920882,0.7802139975442904,0.8643498971527552,0.7844370210257418,0.7450980392156863,0.9623915139826422,0.2936252414681262
0.8533517447876082,0.42037232729996105,0.8289773723908086,0.3729903536977492,0.6487695749440716,0.8443090978302246,0.26173285198555957,0.9658175484432833
0.7749737256962692,0.10226993627910398,0.9063322224171197,0.12459016393442623,0.23030303030303031,0.9264812138728323,0.0853932584269663,0.9758371385083714
0.8459948858039317,0.9749014404496489,0.7760042097877565,0.8615718157181572,0.780899980349774,0.7352941176470589,0.9608317214700194,0.28753993610223644
0.8531852582329944,0.4160904527500786,0.8281003332748641,0.3669250645994832,0.6353467561521253,0.8444994290064712,0.2579473206176203,0.9645652173913043
0.7774336573830793,0.09398750160261854,0.9044027363620417,0.13354531001589826,0.2545454545454545,0.923771676300578,0.09051724137931035,0.9765132709566545
0.8463355539373016,0.9746475584859642,0.7763550254341344,0.861998051737201,0.7824719984279819,0.7254901960784313,0.9595180722891566,0.2862669245647969
0.8522097577301283,0.41855954795745187,0.8289773723908086,0.3623283191628515,0.6196868008948546,0.8467834031214313,0.256007393715342,0.9631954968607924
0.7830541688561922,0.09973713428179572,0.9031748815997194,0.12933753943217666,0.24848484848484848,0.9226878612716763,0.08742004264392324,0.9762996941896025
0.8449131601287925,0.9744319322127064,0.7731976846167339,0.8595938755565208,0.7777559441933583,0.7352941176470589,0.9606796116504854,0.2846299810246679
0.8496600864026895,0.41434814700985595,0.8247675846342747,0.3624760689215061,0.6353467561521253,0.8408831366577846,0.25357142857142856,0.9644182492905479
0.7711825626204238,0.09909084887231426,0.901771619014208,0.10543130990415335,0.2,0.9226878612716763,0.07158351409978309,0.9748091603053435
0.8434862711705499,0.9733617301718882,0.7779336958428346,0.8630166630599437,0.7836510119866379,0.7303921568627451,0.9602696845653744,0.28875968992248063
0.8491695684719601,0.41752267219105565,0.8296790036835643,0.36907082521117607,0.6353467561521253,0.8462124095926913,0.2600732600732601,0.9646344109351269
0.7716598791382029,0.09992636261518233,0.9037011050692861,0.11594202898550725,0.21818181818181817,0.9241329479768786,0.07894736842105263,0.9754051477597712
0.8497650321017908,0.9755255468066701,0.7814418523066129,0.8650346620450606,0.7846335232855178,0.7549019607843137,0.9637943519188994,0.29653401797175866
0.8549161222854389,0.40657409525905464,0.8284511489212419,0.36161879895561355,0.6196868008948546,0.8462124095926913,0.2552995391705069,0.9631715771230502
0.7731454720616571,0.09058892140152697,0.9024732503069637,0.12852664576802508,0.24848484848484848,0.9219653179190751,0.08668076109936575,0.9762815608263198
0.8413639183321197,0.9741289419419816,0.7786353271355902,0.8638619201725998,0.7867950481430537,0.7107843137254902,0.9576656302320019,0.28618421052631576
0.8486701088081182,0.40730296867525934,0.8295035958603754,0.35968379446640314,0.610738255033557,0.848115721355158,0.2549019607843137,0.9624190064794816
0.7665199684708356,0.09862243697362587,0.905981406770742,0.1270358306188925,0.23636363636363636,0.9259393063583815,0.08685968819599109,0.976009139375476
0.8420587400480595,0.9746605663093582,0.7731976846167339,0.8598373983739838,0.7793279622715661,0.7222222222222222,0.9588974854932302,0.2824281150159744
0.8512917397972697,0.3976630097565413,0.8270478863357306,0.36304909560723514,0.6286353467561522,0.8439284354777312,0.25522252497729336,0.9639130434782609
0.774551147311263,0.09483967463147994,0.89984213295913,0.09220985691573927,0.17575757575757575,0.9214234104046243,0.0625,0.9740309337406913
0.8387573736509735,0.9737547869764726,0.7744255393790563,0.8608225108225108,0.7814894871291019,0.7156862745098039,0.9580823897855938,0.28258064516129033
0.8453109977356126,0.40150873301024703,0.8258200315734082,0.3479973736047275,0.5928411633109619,0.8456414160639513,0.24628252788104088,0.9606486486486486
0.7707840690138377,0.10513532922015532,0.9015962111910191,0.12206572769953052,0.23636363636363636,0.9214234104046243,0.08227848101265822,0.9758943944901474
0.8342130983525918,0.9728081141963081,0.7731976846167339,0.859715742649452,0.7785419532324622,0.7287581699346405,0.9597868217054264,0.2835346471710108
0.8416857636538135,0.3825742750598731,0.8254692159270304,0.3534762833008447,0.6085011185682326,0.8439284354777312,0.2490842490842491,0.9620308092861792
0.775410535995796,0.10152127673210311,0.9000175407823189,0.11764705882352941,0.23030303030303031,0.919978323699422,0.079002079002079,0.9756704980842912
0.8353333538825891,0.9731845715989337,0.7695141203297667,0.857328990228013,0.7757909215955984,0.7173202614379085,0.9580198980829896,0.27784810126582277
0.8392855470083942,0.37719498732918405,0.8202069812313629,0.33311646063760575,0.5727069351230425,0.8412637990102779,0.23486238532110093,0.9585773151160268
0.7740015764582238,0.09832421470081076,0.8987896860199965,0.11908396946564885,0.23636363636363636,0.9185332369942196,0.07959183673469387,0.9758203799654577
0.832002447930112,0.9732081117436198,0.7639010699877214,0.8534726758110167,0.7702888583218707,0.7107843137254902,0.956797656822065,0.27119700748129677
0.8394090280847063,0.3781960417520096,0.8195053499386072,0.33225178455548343,0.5727069351230425,0.8405024743052912,0.2340036563071298,0.9585413501193836
0.7574181117533719,0.09595375927699384,0.8945798982634625,0.10962962962962963,0.22424242424242424,0.9145592485549133,0.07254901960784314,0.9753419379695627
0.8310459442832612,0.9728914359280745,0.7651289247500439,0.8542188350571585,0.7708783651011987,0.7173202614379085,0.957763671875,0.2735202492211838
0.8375006067604613,0.36691182229464936,0.8198561655849851,0.340398201669878,0.5928411633109619,0.8391701560715645,0.23873873873873874,0.960357220649096
0.7653463829041863,0.0997394350527279,0.8986142781968076,0.12424242424242424,0.24848484848484848,0.9179913294797688,0.08282828282828283,0.9761813292354975
0.8298881221447773,0.9723092221237415,0.7619715839326434,0.851936715766503,0.7671448221654549,0.7189542483660131,0.957801766437684,0.27076923076923076
0.8367252307605837,0.37324851049788055,0.8193299421154183,0.33029908972691807,0.5682326621923938,0.8406928054815379,0.23281393217231897,0.9581344902386117
0.7601692503065336,0.10026983474251165,0.8917733730924399,0.11731044349070101,0.24848484848484848,0.9109465317919075,0.07677902621722846,0.9760015482872073
0.8264143346472014,0.9713882092709779,0.7630240308717768,0.852880322334749,0.7695028492827668,0.7091503267973857,0.9565217391304348,0.2700684505289359
0.8316058756554078,0.3706346145385012,0.8202069812313629,0.33311646063760575,0.5727069351230425,0.8412637990102779,0.23486238532110093,0.9585773151160268
0.7575582413732703,0.09916166016680358,0.8940536747938959,0.11436950146627566,0.23636363636363636,0.9136560693641619,0.07543520309477757,0.9756944444444444
0.8292430681580288,0.9717005107076093,0.7572355727065427,0.8481790258885477,0.7596777362939674,0.7369281045751634,0.9600198659051403,0.2694145758661888
0.8363007113361589,0.35779324452142214,0.8198561655849851,0.34627625716104393,0.6085011185682326,0.8378378378378378,0.24199288256227758,0.9617653484815382
0.7597784200385357,0.09772165333910683,0.8889668479214173,0.11468531468531469,0.24848484848484848,0.9080563583815029,0.07454545454545454,0.9759270044651523
0.8279272736146269,0.971309135454621,0.7588142431152429,0.8492820344185027,0.7612497543721752,0.738562091503268,0.9603371343579573,0.27114577084583086
0.8354384727860482,0.3623439801022159,0.8174004560603403,0.3415559772296015,0.6040268456375839,0.8355538637228778,0.23809523809523808,0.9612437048390629
0.7602261779646172,0.11356944790595033,0.8919487809156288,0.1174785100286533,0.24848484848484848,0.9111271676300579,0.07692307692307693,0.9760061919504643
0.8256806619942796,0.9724079740323153,0.760743729170321,0.8509289617486339,0.764983297307919,0.7254901960784313,0.9586308790938193,0.2707317073170732
0.83502502407881,0.3589379913263576,0.8212594281704964,0.34045307443365697,0.5883668903803132,0.8410734678340313,0.2395264116575592,0.9600260699543776
0.7380933613592574,0.09002079075462262,0.8893176635677951,0.1074964639321075,0.23030303030303031,0.9089595375722543,0.07011070110701106,0.9753828261290948
0.8244692191411183,0.971555444159512,0.7537274162427644,0.8460526315789474,0.7581057182157594,0.7173202614379085,0.9570826097742495,0.262874251497006
0.8335274966809139,0.36435685319223265,0.8149447465356955,0.3275971956660293,0.5749440715883669,0.8353635325466311,0.22905525846702318,0.9585062240663901
0.7352721579961463,0.08432547505058408,0.887563585335906,0.10098176718092566,0.21818181818181817,0.9075144508670521,0.06569343065693431,0.9749660392004658
0.824474677537223,0.9720029933300066,0.7517979301876864,0.8445225799362708,0.7551581843191196,0.7238562091503268,0.957876370887338,0.26228537596210777
0.8339809702887497,0.3633109155948038,0.8166988247675846,0.3381887270424319,0.5973154362416108,0.8353635325466311,0.23586572438162545,0.9606040709126723
0.7504576107899809,0.09690072327515063,0.8887914400982284,0.12188365650969529,0.26666666666666666,0.9073338150289018,0.07899461400359066,0.9764774494556765
0.8266397342981209,0.9726528261848355,0.752674969303631,0.8452589991220368,0.7567302023973276,0.7189542483660131,0.9572458364404673,0.2622169249106079
0.8372583283728006,0.35557068263117114,0.8224872829328188,0.3470967741935484,0.6017897091722595,0.8412637990102779,0.24388032638259294,0.9612875163114397
0.7412637940094587,0.1005484237154691,0.8852832836344501,0.11621621621621622,0.2606060606060606,0.9039017341040463,0.07478260869565218,0.9761997658993368
0.82247658348071,0.9711674450920327,0.7596912822311875,0.8502732240437159,0.7643937905285911,0.7205882352941176,0.9578921447919232,0.26890243902439026
0.8345298223831168,0.3533396784779985,0.8119628135414839,0.3283208020050125,0.5861297539149888,0.8311762466692044,0.2280243690165361,0.9593585237258347
0.7164214398318445,0.0818093959005913,0.8982634625504298,0.11585365853658537,0.23030303030303031,0.9181719653179191,0.07739307535641547,0.9756238003838772
0.8202129545078004,0.9706525186185767,0.7568847570601649,0.8483588621444201,0.7618392611515032,0.7156862745098039,0.9570476425573933,0.26545454545454544
0.8330297402043315,0.35220877229948155,0.8133660761269953,0.3358302122347066,0.6017897091722595,0.8313665778454511,0.2329004329004329,0.9608446986361636
0.7032262655456296,0.0762220655228123,0.895807753025785,0.1,0.2,0.9165462427745664,0.06666666666666667,0.974644640799078
0.8204916537912734,0.9704602631961222,0.7554814944746535,0.8473834026713378,0.7604637453330714,0.7140522875816994,0.9567367119901112,0.2638888888888889
0.8316982735642344,0.367723707112069,0.8124890370110507,0.32809553739786296,0.5838926174496645,0.8319375713741911,0.22814685314685315,0.9591836734693877
0.716285689262568,0.08032041024355992,0.8984388703736187,0.1447562776957164,0.296969696969697,0.9163656069364162,0.095703125,0.9776450183079591
0.8274141843807674,0.972236244323917,0.7537274162427644,0.8456124917528041,0.7555511888386717,0.738562091503268,0.9600499375780275,0.2665094339622642
0.8348811047553839,0.3480425218420512,0.8119628135414839,0.33083645443196,0.5928411633109619,0.8306052531404644,0.22943722943722944,0.9599648042234932
0.7201261166579085,0.0786158082068216,0.8912471496228732,0.12181303116147309,0.2606060606060606,0.9100433526011561,0.07948243992606285,0.9763565891472868
0.8229787559223598,0.971749324710403,0.7535520084195755,0.8453154244192448,0.7543721752800158,0.7467320261437909,0.9611917876815222,0.2677211482132396
0.8292784702653311,0.3133396616476535,0.7970531485704262,0.3051051051051051,0.5682326621923938,0.8165207460982109,0.20853858784893267,0.9569484720053536
0.742960676125416,0.07729921357072037,0.8975618312576741,0.10703363914373089,0.21212121212121213,0.9179913294797688,0.07157464212678936,0.9750575594781274
0.8187632687187667,0.9707434836455271,0.7503946676021751,0.8431955922865014,0.7518176459029279,0.738562091503268,0.9598595082789764,0.26355685131195333
0.8265278228412739,0.29374272763403797,0.7928433608138923,0.31217239370995925,0.5995525727069351,0.8092881614008375,0.2110236220472441,0.9596027984653577
0.7422074794184621,0.0918366459548533,0.9045781441852306,0.10819672131147541,0.2,0.9255780346820809,0.07415730337078652,0.9748858447488584
0.8065995540811464,0.96882340887163,0.7333801087528504,0.8305840392331698,0.7321674199253292,0.7434640522875817,0.9595673448364667,0.25027502750275027
0.8138099106763441,0.2629195719395486,0.772846868970356,0.3003781739600216,0.6219239373601789,0.7856870955462505,0.198005698005698,0.9606702350477077
0.7156912331406551,0.07739260198698086,0.90791089282582,0.09326424870466321,0.16363636363636364,0.9300939306358381,0.06521739130434782,0.973898240968413
0.7994543530387854,0.9681071922392179,0.7240834941238379,0.8236744759556104,0.7219493024169777,0.7418300653594772,0.958768267223382,0.24291064740502943
0.8109136407416018,0.2591229017331481,0.7619715839326434,0.2972553081305023,0.6420581655480985,0.772173582032737,0.19339622641509435,0.9620583353094617
0.7013219259064636,0.07253937384438777,0.9136993509910541,0.10545454545454545,0.17575757575757575,0.9356936416184971,0.07532467532467532,0.9744168547780286
0.7227203811373243,0.9493193658797081,0.6854937730222768,0.7968271954674221,0.6909019453723718,0.6405228758169934,0.9411134903640257,0.1994910941475827
0.7296518089126085,0.18746836702858297,0.6963690580599895,0.2457516339869281,0.6308724832214765,0.701941377997716,0.1525974025974026,0.9571762263171555
0.6345162243825538,0.04825990177034406,0.9519382564462375,0.028368794326241134,0.024242424242424242,0.9795881502890174,0.03418803418803419,0.9711676217765043
